{"cameraMode":{"drawMode":0,"name":"Shaded","section":"Shading Mode"},"sceneLighting":true,"audioPlay":false,"sceneViewState":{"showFog":false,"showMaterialUpdate":false,"showSkybox":true,"showFlares":true,"showImageEffects":true,"showParticleSystems":true},"in2DMode":false,"pivot":{"x":-8.205780982971192,"y":-2.0693631172180177,"z":29.724742889404298},"rotation":{"x":-0.058785706758499148,"y":0.13915272057056428,"z":-0.00829530879855156,"w":-0.9885261058807373},"size":16.852338790893556,"orthographic":false}