{"cameraMode":{"drawMode":0,"name":"Shaded","section":"Shading Mode"},"sceneLighting":true,"audioPlay":false,"sceneViewState":{"showFog":false,"showMaterialUpdate":false,"showSkybox":true,"showFlares":true,"showImageEffects":true,"showParticleSystems":true},"in2DMode":false,"pivot":{"x":5.725285530090332,"y":0.8745880126953125,"z":8.443763732910157},"rotation":{"x":-0.058785706758499148,"y":0.13915272057056428,"z":-0.00829530879855156,"w":-0.9885261058807373},"size":5.479520320892334,"orthographic":false}