{"cameraMode":{"drawMode":0,"name":"Shaded","section":"Shading Mode"},"sceneLighting":true,"audioPlay":false,"sceneViewState":{"showFog":false,"showMaterialUpdate":false,"showSkybox":true,"showFlares":true,"showImageEffects":true,"showParticleSystems":true},"in2DMode":false,"pivot":{"x":-19.106725692749025,"y":-13.384563446044922,"z":16.522872924804689},"rotation":{"x":-0.19935259222984315,"y":0.19604620337486268,"z":-0.04074917733669281,"w":-0.9592835903167725},"size":22.08962059020996,"orthographic":false}