{"cameraMode":{"drawMode":0,"name":"Shaded","section":"Shading Mode"},"sceneLighting":true,"audioPlay":false,"sceneViewState":{"showFog":false,"showMaterialUpdate":false,"showSkybox":true,"showFlares":true,"showImageEffects":true,"showParticleSystems":true},"in2DMode":false,"pivot":{"x":1.2824976444244385,"y":2.406036138534546,"z":4.324493408203125},"rotation":{"x":-0.11936553567647934,"y":0.18560440838336945,"z":-0.02272080071270466,"w":-0.9750831723213196},"size":2.5183732509613039,"orthographic":false}