{"cameraMode":{"drawMode":0,"name":"Shaded","section":"Shading Mode"},"sceneLighting":true,"audioPlay":false,"sceneViewState":{"showFog":false,"showMaterialUpdate":false,"showSkybox":true,"showFlares":true,"showImageEffects":true,"showParticleSystems":true},"in2DMode":false,"pivot":{"x":-8.856829643249512,"y":-1.929128646850586,"z":0.19687409698963166},"rotation":{"x":0.0937812477350235,"y":-0.7002430558204651,"z":0.09361238032579422,"w":0.7015016674995422},"size":6.063117504119873,"orthographic":false}