{"cameraMode":{"drawMode":0,"name":"Shaded","section":"Shading Mode"},"sceneLighting":false,"audioPlay":false,"sceneViewState":{"showFog":true,"showMaterialUpdate":false,"showSkybox":false,"showFlares":true,"showImageEffects":true,"showParticleSystems":true},"in2DMode":false,"pivot":{"x":-1.4796395301818848,"y":10.43081283569336,"z":-3.97808837890625},"rotation":{"x":0.026103511452674867,"y":-0.9667818546295166,"z":0.11010380834341049,"w":0.22921989858150483},"size":2.022096633911133,"orthographic":false}