{"cameraMode":{"drawMode":0,"name":"Shaded","section":"Shading Mode"},"sceneLighting":true,"audioPlay":false,"sceneViewState":{"showFog":false,"showMaterialUpdate":false,"showSkybox":true,"showFlares":true,"showImageEffects":true,"showParticleSystems":true},"in2DMode":false,"pivot":{"x":-0.22456908226013184,"y":0.4325079917907715,"z":23.166648864746095},"rotation":{"x":-0.042862825095653537,"y":-0.03387069329619408,"z":0.0014509933535009623,"w":-0.9985361695289612},"size":22.08962059020996,"orthographic":false}