{"cameraMode":{"drawMode":0,"name":"Shaded","section":"Shading Mode"},"sceneLighting":true,"audioPlay":false,"sceneViewState":{"showFog":false,"showMaterialUpdate":false,"showSkybox":true,"showFlares":true,"showImageEffects":true,"showParticleSystems":true},"in2DMode":false,"pivot":{"x":-0.9340999126434326,"y":0.9075140953063965,"z":1.2434978485107422},"rotation":{"x":-0.14232130348682404,"y":-0.006832615938037634,"z":0.0009825913002714515,"w":-0.9897961616516113},"size":5.125962734222412,"orthographic":false}