{"cameraMode":{"drawMode":0,"name":"Shaded","section":"Shading Mode"},"sceneLighting":true,"audioPlay":false,"sceneViewState":{"showFog":false,"showMaterialUpdate":false,"showSkybox":true,"showFlares":true,"showImageEffects":true,"showParticleSystems":true},"in2DMode":false,"pivot":{"x":-2.7351269721984865,"y":13.227254867553711,"z":25.219810485839845},"rotation":{"x":0.10171964019536972,"y":0.11647068709135056,"z":0.01198088563978672,"w":-0.9879342913627625},"size":14.898564338684082,"orthographic":false}