{"cameraMode":{"drawMode":0,"name":"Shaded","section":"Shading Mode"},"sceneLighting":true,"audioPlay":false,"sceneViewState":{"showFog":false,"showMaterialUpdate":false,"showSkybox":true,"showFlares":true,"showImageEffects":true,"showParticleSystems":true},"in2DMode":false,"pivot":{"x":267.4735412597656,"y":-349.0889892578125,"z":331.1058654785156},"rotation":{"x":-0.34534239768981936,"y":-0.3063618838787079,"z":0.12037207186222077,"w":-0.8788775205612183},"size":324.4208984375,"orthographic":false}