{"cameraMode":{"drawMode":0,"name":"Shaded","section":"Shading Mode"},"sceneLighting":true,"audioPlay":false,"sceneViewState":{"showFog":false,"showMaterialUpdate":false,"showSkybox":true,"showFlares":true,"showImageEffects":true,"showParticleSystems":true},"in2DMode":false,"pivot":{"x":-0.009630143642425537,"y":-3.5503053665161135,"z":14.35568618774414},"rotation":{"x":0.17546498775482179,"y":0.014766129665076733,"z":-0.0026322558987885715,"w":0.9843720197677612},"size":25.330934524536134,"orthographic":false}