{"cameraMode":{"drawMode":0,"name":"Shaded","section":"Shading Mode"},"sceneLighting":true,"audioPlay":false,"sceneViewState":{"showFog":false,"showMaterialUpdate":false,"showSkybox":true,"showFlares":true,"showImageEffects":true,"showParticleSystems":true},"in2DMode":false,"pivot":{"x":0.6148996949195862,"y":1.4343407154083253,"z":1.19350004196167},"rotation":{"x":-0.051879316568374637,"y":0.001846684142947197,"z":-0.00011590994836296886,"w":-0.9986875057220459},"size":3.1732051372528078,"orthographic":false}