{"cameraMode":{"drawMode":0,"name":"Shaded","section":"Shading Mode"},"sceneLighting":true,"audioPlay":false,"sceneViewState":{"showFog":true,"showMaterialUpdate":false,"showSkybox":true,"showFlares":true,"showImageEffects":true,"showParticleSystems":true},"in2DMode":false,"pivot":{"x":-4.9780731201171879,"y":2.2783172130584719,"z":4.772956371307373},"rotation":{"x":0.004640564788132906,"y":0.41513603925704958,"z":0.0021189015824347736,"w":-0.9097576141357422},"size":5.194847583770752,"orthographic":false}