{"cameraMode":{"drawMode":0,"name":"Shaded","section":"Shading Mode"},"sceneLighting":true,"audioPlay":false,"sceneViewState":{"showFog":false,"showMaterialUpdate":false,"showSkybox":true,"showFlares":true,"showImageEffects":true,"showParticleSystems":true},"in2DMode":false,"pivot":{"x":-0.735021710395813,"y":1.4049129486083985,"z":0.47891831398010256},"rotation":{"x":0.1452656090259552,"y":-0.09039425104856491,"z":0.013329467736184597,"w":0.9851658344268799},"size":1.4863810539245606,"orthographic":false}