{"cameraMode":{"drawMode":0,"name":"Shaded","section":"Shading Mode"},"sceneLighting":true,"audioPlay":false,"sceneViewState":{"showFog":false,"showMaterialUpdate":false,"showSkybox":true,"showFlares":true,"showImageEffects":true,"showParticleSystems":true},"in2DMode":false,"pivot":{"x":8.651445388793946,"y":2.7890703678131105,"z":3.3280715942382814},"rotation":{"x":-0.14232130348682404,"y":-0.006832615938037634,"z":0.0009825913002714515,"w":-0.9897961616516113},"size":5.884689807891846,"orthographic":false}