{"cameraMode":{"drawMode":0,"name":"Shaded","section":"Shading Mode"},"sceneLighting":true,"audioPlay":false,"sceneViewState":{"showFog":true,"showMaterialUpdate":false,"showSkybox":true,"showFlares":true,"showImageEffects":true,"showParticleSystems":true},"in2DMode":false,"pivot":{"x":34.74298095703125,"y":-16.02297592163086,"z":19.85890769958496},"rotation":{"x":-0.1851341277360916,"y":-0.54862380027771,"z":0.12607668340206147,"w":-0.8055283427238464},"size":24.661924362182618,"orthographic":false}