{"cameraMode":{"drawMode":0,"name":"Shaded","section":"Shading Mode"},"sceneLighting":true,"audioPlay":false,"sceneViewState":{"showFog":false,"showMaterialUpdate":false,"showSkybox":true,"showFlares":true,"showImageEffects":true,"showParticleSystems":true},"in2DMode":false,"pivot":{"x":-0.10359417647123337,"y":-9.995941162109375,"z":0.07115864753723145},"rotation":{"x":-0.10698162019252777,"y":-0.06340086460113526,"z":0.006850354373455048,"w":-0.992271363735199},"size":0.21128416061401368,"orthographic":false}