{"cameraMode":{"drawMode":0,"name":"Shaded","section":"Shading Mode"},"sceneLighting":true,"audioPlay":false,"sceneViewState":{"showFog":false,"showMaterialUpdate":false,"showSkybox":true,"showFlares":true,"showImageEffects":true,"showParticleSystems":true},"in2DMode":false,"pivot":{"x":11.638805389404297,"y":1.072317123413086,"z":34.94160079956055},"rotation":{"x":-0.07106282562017441,"y":-0.2927168905735016,"z":0.02180301584303379,"w":-0.9533317685127258},"size":28.527637481689454,"orthographic":false}