{"cameraMode":{"drawMode":0,"name":"Shaded","section":"Shading Mode"},"sceneLighting":true,"audioPlay":false,"sceneViewState":{"showFog":false,"showMaterialUpdate":false,"showSkybox":true,"showFlares":true,"showImageEffects":true,"showParticleSystems":true},"in2DMode":false,"pivot":{"x":-15.365230560302735,"y":1.1231184005737305,"z":13.489946365356446},"rotation":{"x":0.050037309527397159,"y":-0.3473539352416992,"z":0.018586965277791024,"w":0.9362550377845764},"size":13.963245391845704,"orthographic":false}