{"cameraMode":{"drawMode":0,"name":"Shaded","section":"Shading Mode"},"sceneLighting":true,"audioPlay":false,"sceneViewState":{"showFog":false,"showMaterialUpdate":false,"showSkybox":true,"showFlares":true,"showImageEffects":true,"showParticleSystems":true},"in2DMode":false,"pivot":{"x":-2.712027072906494,"y":1.495577096939087,"z":4.76845645904541},"rotation":{"x":-0.0597519613802433,"y":-0.28579381108283999,"z":0.017847565934062005,"w":-0.9562904238700867},"size":5.273303508758545,"orthographic":false}