{"cameraMode":{"drawMode":0,"name":"Shaded","section":"Shading Mode"},"sceneLighting":true,"audioPlay":false,"sceneViewState":{"showFog":false,"showMaterialUpdate":false,"showSkybox":true,"showFlares":true,"showImageEffects":true,"showParticleSystems":true},"in2DMode":false,"pivot":{"x":-37.499786376953128,"y":-18.12476348876953,"z":-29.61699867248535},"rotation":{"x":0.07688210159540177,"y":-0.9212992787361145,"z":0.2980765998363495,"w":0.23774628341197968},"size":27.140911102294923,"orthographic":false}