{"cameraMode":{"drawMode":0,"name":"Shaded","section":"Shading Mode"},"sceneLighting":true,"audioPlay":false,"sceneViewState":{"showFog":false,"showMaterialUpdate":false,"showSkybox":true,"showFlares":true,"showImageEffects":true,"showParticleSystems":true},"in2DMode":false,"pivot":{"x":0.3565613627433777,"y":1.4655040502548218,"z":2.2589402198791506},"rotation":{"x":-0.20051643252372743,"y":0.013805058784782887,"z":-0.0028338150586932899,"w":-0.9796201586723328},"size":4.16135311126709,"orthographic":false}