{"cameraMode":{"drawMode":0,"name":"Shaded","section":"Shading Mode"},"sceneLighting":true,"audioPlay":false,"sceneViewState":{"showFog":true,"showMaterialUpdate":false,"showSkybox":true,"showFlares":true,"showImageEffects":true,"showParticleSystems":true},"in2DMode":false,"pivot":{"x":-24.936399459838868,"y":-26.019161224365236,"z":36.4243278503418},"rotation":{"x":-0.2503053843975067,"y":0.28299450874328616,"z":-0.07677517831325531,"w":-0.9227094054222107},"size":27.394929885864259,"orthographic":false}