{"cameraMode":{"drawMode":0,"name":"Shaded","section":"Shading Mode"},"sceneLighting":true,"audioPlay":false,"sceneViewState":{"showFog":true,"showMaterialUpdate":false,"showSkybox":true,"showFlares":true,"showImageEffects":true,"showParticleSystems":true},"in2DMode":false,"pivot":{"x":0.36451032757759097,"y":-3.2936007976531984,"z":17.77304458618164},"rotation":{"x":-0.14646580815315247,"y":-0.008609755896031857,"z":0.001274502370506525,"w":-0.9891791939735413},"size":10.969050407409668,"orthographic":false}