{"cameraMode":{"drawMode":0,"name":"Shaded","section":"Shading Mode"},"sceneLighting":true,"audioPlay":false,"sceneViewState":{"showFog":false,"showMaterialUpdate":false,"showSkybox":true,"showFlares":true,"showImageEffects":true,"showParticleSystems":true},"in2DMode":false,"pivot":{"x":-1.799809455871582,"y":0.025211632251739503,"z":6.176896095275879},"rotation":{"x":-0.058785706758499148,"y":0.13915272057056428,"z":-0.00829530879855156,"w":-0.9885261058807373},"size":5.09049654006958,"orthographic":false}