{"cameraMode":{"drawMode":0,"name":"Shaded","section":"Shading Mode"},"sceneLighting":true,"audioPlay":false,"sceneViewState":{"showFog":true,"showMaterialUpdate":false,"showSkybox":true,"showFlares":true,"showImageEffects":true,"showParticleSystems":true},"in2DMode":false,"pivot":{"x":19.091135025024415,"y":-12.145635604858399,"z":34.400936126708987},"rotation":{"x":-0.16175301373004914,"y":-0.23669114708900453,"z":0.039982717484235767,"w":-0.957207977771759},"size":23.157079696655275,"orthographic":false}