{"cameraMode":{"drawMode":0,"name":"Shaded","section":"Shading Mode"},"sceneLighting":true,"audioPlay":false,"sceneViewState":{"showFog":true,"showMaterialUpdate":false,"showSkybox":true,"showFlares":true,"showImageEffects":true,"showParticleSystems":true},"in2DMode":false,"pivot":{"x":0.1708148717880249,"y":-1.7826406955718995,"z":6.302358627319336},"rotation":{"x":-0.14646580815315247,"y":-0.008609755896031857,"z":0.001274502370506525,"w":-0.9891791939735413},"size":4.559442043304443,"orthographic":false}