{"cameraMode":{"drawMode":0,"name":"Shaded","section":"Shading Mode"},"sceneLighting":true,"audioPlay":false,"sceneViewState":{"showFog":false,"showMaterialUpdate":false,"showSkybox":true,"showFlares":true,"showImageEffects":true,"showParticleSystems":true},"in2DMode":false,"pivot":{"x":-3.1217103004455568,"y":1.685355544090271,"z":14.293632507324219},"rotation":{"x":0.03827330097556114,"y":-0.07794857025146485,"z":0.003037338610738516,"w":0.9962667226791382},"size":11.090142250061036,"orthographic":false}