{"cameraMode":{"drawMode":0,"name":"Shaded","section":"Shading Mode"},"sceneLighting":true,"audioPlay":false,"sceneViewState":{"showFog":false,"showMaterialUpdate":false,"showSkybox":true,"showFlares":true,"showImageEffects":true,"showParticleSystems":true},"in2DMode":false,"pivot":{"x":9.7736177444458,"y":-10.204842567443848,"z":19.518043518066408},"rotation":{"x":0.2393915057182312,"y":0.023295177146792413,"z":-0.0057462970726192,"w":0.9706283807754517},"size":18.692306518554689,"orthographic":false}