{"cameraMode":{"drawMode":0,"name":"Shaded","section":"Shading Mode"},"sceneLighting":true,"audioPlay":false,"sceneViewState":{"showFog":false,"showMaterialUpdate":false,"showSkybox":true,"showFlares":true,"showImageEffects":true,"showParticleSystems":true},"in2DMode":false,"pivot":{"x":-2.5121266841888429,"y":4.053236961364746,"z":18.864105224609376},"rotation":{"x":-0.015900999307632448,"y":-0.003809024579823017,"z":0.00007469750562449917,"w":-0.9999229311943054},"size":12.970512390136719,"orthographic":false}