{"cameraMode":{"drawMode":0,"name":"Shaded","section":"Shading Mode"},"sceneLighting":true,"audioPlay":false,"sceneViewState":{"showFog":true,"showMaterialUpdate":false,"showSkybox":true,"showFlares":true,"showImageEffects":true,"showParticleSystems":true},"in2DMode":false,"pivot":{"x":-0.6527706980705261,"y":-2.292443037033081,"z":10.643924713134766},"rotation":{"x":0.21806743741035462,"y":-0.023419849574565889,"z":0.005234617739915848,"w":0.9756393432617188},"size":7.083770275115967,"orthographic":false}