{"cameraMode":{"drawMode":0,"name":"Shaded","section":"Shading Mode"},"sceneLighting":false,"audioPlay":false,"sceneViewState":{"showFog":true,"showMaterialUpdate":false,"showSkybox":false,"showFlares":true,"showImageEffects":true,"showParticleSystems":true},"in2DMode":false,"pivot":{"x":-6.800451278686523,"y":1.6762499809265137,"z":2.8859238624572756},"rotation":{"x":0.12067019194364548,"y":-0.21413539350032807,"z":0.026668870821595193,"w":0.968961775302887},"size":1.7583750486373902,"orthographic":false}