{"cameraMode":{"drawMode":0,"name":"Shaded","section":"Shading Mode"},"sceneLighting":true,"audioPlay":false,"sceneViewState":{"showFog":false,"showMaterialUpdate":false,"showSkybox":true,"showFlares":true,"showImageEffects":true,"showParticleSystems":true},"in2DMode":false,"pivot":{"x":-9.206506729125977,"y":-3.3924026489257814,"z":21.36128807067871},"rotation":{"x":-0.17441971600055695,"y":0.24132263660430909,"z":-0.044156115502119067,"w":-0.9536570906639099},"size":9.593597412109375,"orthographic":false}