{"cameraMode":{"drawMode":0,"name":"Shaded","section":"Shading Mode"},"sceneLighting":true,"audioPlay":false,"sceneViewState":{"showFog":false,"showMaterialUpdate":false,"showSkybox":true,"showFlares":true,"showImageEffects":true,"showParticleSystems":true},"in2DMode":false,"pivot":{"x":-2.2068562507629396,"y":0.03322410583496094,"z":6.944182395935059},"rotation":{"x":0.11858140677213669,"y":-0.3466608226299286,"z":0.04423103481531143,"w":0.9294351935386658},"size":18.931825637817384,"orthographic":false}