{"cameraMode":{"drawMode":0,"name":"Shaded","section":"Shading Mode"},"sceneLighting":true,"audioPlay":false,"sceneViewState":{"showFog":false,"showMaterialUpdate":false,"showSkybox":true,"showFlares":true,"showImageEffects":true,"showParticleSystems":true},"in2DMode":false,"pivot":{"x":0.15262377262115479,"y":-1.5418360233306885,"z":14.235807418823243},"rotation":{"x":0.11449427902698517,"y":-0.052211932837963107,"z":0.006059633102267981,"w":0.9920852780342102},"size":9.414204597473145,"orthographic":false}