{"cameraMode":{"drawMode":0,"name":"Shaded","section":"Shading Mode"},"sceneLighting":true,"audioPlay":false,"sceneViewState":{"showFog":false,"showMaterialUpdate":false,"showSkybox":true,"showFlares":true,"showImageEffects":true,"showParticleSystems":true},"in2DMode":false,"pivot":{"x":-6.330394744873047,"y":0.5411810874938965,"z":30.58758544921875},"rotation":{"x":-0.058785706758499148,"y":0.13915272057056428,"z":-0.00829530879855156,"w":-0.9885261058807373},"size":18.55299949645996,"orthographic":false}