{"cameraMode":{"drawMode":0,"name":"Shaded","section":"Shading Mode"},"sceneLighting":true,"audioPlay":false,"sceneViewState":{"showFog":true,"showMaterialUpdate":false,"showSkybox":true,"showFlares":true,"showImageEffects":true,"showParticleSystems":true},"in2DMode":false,"pivot":{"x":0.3253600597381592,"y":9.826072692871094,"z":52.878475189208987},"rotation":{"x":-0.11463690549135208,"y":-0.014313442632555962,"z":0.0016403687186539174,"w":-0.9933220148086548},"size":51.78928756713867,"orthographic":false}