{"cameraMode":{"drawMode":0,"name":"Shaded","section":"Shading Mode"},"sceneLighting":true,"audioPlay":false,"sceneViewState":{"showFog":false,"showMaterialUpdate":false,"showSkybox":true,"showFlares":true,"showImageEffects":true,"showParticleSystems":true},"in2DMode":false,"pivot":{"x":0.19103989005088807,"y":3.5935604572296144,"z":-1.8315033912658692},"rotation":{"x":-0.14232130348682404,"y":-0.006832615938037634,"z":0.0009825913002714515,"w":-0.9897961616516113},"size":2.842240333557129,"orthographic":false}