{"cameraMode":{"drawMode":0,"name":"Shaded","section":"Shading Mode"},"sceneLighting":true,"audioPlay":false,"sceneViewState":{"showFog":false,"showMaterialUpdate":false,"showSkybox":true,"showFlares":true,"showImageEffects":true,"showParticleSystems":true},"in2DMode":false,"pivot":{"x":-2.0991125106811525,"y":0.77278733253479,"z":4.640228748321533},"rotation":{"x":-0.11849000304937363,"y":0.0259101539850235,"z":-0.0030928298365324737,"w":-0.9926124811172485},"size":6.311221122741699,"orthographic":false}