{"cameraMode":{"drawMode":0,"name":"Shaded","section":"Shading Mode"},"sceneLighting":true,"audioPlay":false,"sceneViewState":{"showFog":false,"showMaterialUpdate":false,"showSkybox":true,"showFlares":true,"showImageEffects":true,"showParticleSystems":true},"in2DMode":false,"pivot":{"x":97.66792297363281,"y":-41.117279052734378,"z":216.86962890625},"rotation":{"x":0.10612688958644867,"y":0.21451647579669953,"z":-0.023448526859283448,"w":0.9706730246543884},"size":137.07208251953126,"orthographic":false}