{"cameraMode":{"drawMode":0,"name":"Shaded","section":"Shading Mode"},"sceneLighting":true,"audioPlay":false,"sceneViewState":{"showFog":false,"showMaterialUpdate":false,"showSkybox":true,"showFlares":true,"showImageEffects":true,"showParticleSystems":true},"in2DMode":false,"pivot":{"x":-3.121412992477417,"y":-5.06987190246582,"z":-1.6844806671142579},"rotation":{"x":0.2303234487771988,"y":-0.7691991925239563,"z":0.40574631094932558,"w":0.4366398751735687},"size":3.5567445755004885,"orthographic":false}