{"cameraMode":{"drawMode":0,"name":"Shaded","section":"Shading Mode"},"sceneLighting":false,"audioPlay":false,"sceneViewState":{"showFog":true,"showMaterialUpdate":false,"showSkybox":false,"showFlares":true,"showImageEffects":true,"showParticleSystems":true},"in2DMode":false,"pivot":{"x":4.53408145904541,"y":1.166440486907959,"z":0.3787038326263428},"rotation":{"x":0.026103511452674867,"y":-0.9667818546295166,"z":0.11010380834341049,"w":0.22921989858150483},"size":2.037571668624878,"orthographic":false}