{"cameraMode":{"drawMode":0,"name":"Shaded","section":"Shading Mode"},"sceneLighting":true,"audioPlay":false,"sceneViewState":{"showFog":false,"showMaterialUpdate":false,"showSkybox":true,"showFlares":true,"showImageEffects":true,"showParticleSystems":true},"in2DMode":false,"pivot":{"x":-80.47711181640625,"y":-105.24617004394531,"z":330.7074890136719},"rotation":{"x":-0.17852412164211274,"y":0.12218766659498215,"z":-0.022379040718078615,"w":-0.9760940074920654},"size":280.2223815917969,"orthographic":false}