{"cameraMode":{"drawMode":0,"name":"Shaded","section":"Shading Mode"},"sceneLighting":true,"audioPlay":false,"sceneViewState":{"showFog":false,"showMaterialUpdate":false,"showSkybox":true,"showFlares":true,"showImageEffects":true,"showParticleSystems":true},"in2DMode":false,"pivot":{"x":3.579549551010132,"y":1.8423786163330079,"z":-1.0851616859436036},"rotation":{"x":-0.1314006894826889,"y":0.08820156753063202,"z":-0.011738395318388939,"w":-0.9873279333114624},"size":1.940197229385376,"orthographic":false}