{"cameraMode":{"drawMode":0,"name":"Shaded","section":"Shading Mode"},"sceneLighting":true,"audioPlay":false,"sceneViewState":{"showFog":false,"showMaterialUpdate":false,"showSkybox":true,"showFlares":true,"showImageEffects":true,"showParticleSystems":true},"in2DMode":false,"pivot":{"x":-2.3395442962646486,"y":0.8494107723236084,"z":13.147374153137207},"rotation":{"x":0.11017218232154846,"y":-0.013497616164386273,"z":0.0015309590380638838,"w":0.9938727021217346},"size":8.010785102844239,"orthographic":false}