{"cameraMode":{"drawMode":0,"name":"Shaded","section":"Shading Mode"},"sceneLighting":true,"audioPlay":false,"sceneViewState":{"showFog":true,"showMaterialUpdate":false,"showSkybox":true,"showFlares":true,"showImageEffects":true,"showParticleSystems":true},"in2DMode":false,"pivot":{"x":-24.828466415405275,"y":-8.78940486907959,"z":16.776994705200197},"rotation":{"x":-0.12712430953979493,"y":0.46926969289779665,"z":-0.06847655028104782,"w":-0.8711838722229004},"size":18.144929885864259,"orthographic":false}