{"cameraMode":{"drawMode":0,"name":"Shaded","section":"Shading Mode"},"sceneLighting":true,"audioPlay":false,"sceneViewState":{"showFog":false,"showMaterialUpdate":false,"showSkybox":true,"showFlares":true,"showImageEffects":true,"showParticleSystems":true},"in2DMode":false,"pivot":{"x":-2.6586318016052248,"y":5.3782958984375,"z":26.410789489746095},"rotation":{"x":-0.045828770846128467,"y":0.049778372049331668,"z":-0.0022992088925093414,"w":-0.9977409839630127},"size":17.96631622314453,"orthographic":false}