{"cameraMode":{"drawMode":0,"name":"Shaded","section":"Shading Mode"},"sceneLighting":true,"audioPlay":false,"sceneViewState":{"showFog":false,"showMaterialUpdate":false,"showSkybox":true,"showFlares":true,"showImageEffects":true,"showParticleSystems":true},"in2DMode":false,"pivot":{"x":-253.57260131835938,"y":-11.530725479125977,"z":272.14208984375},"rotation":{"x":-0.02321259118616581,"y":0.3606170415878296,"z":-0.00900782085955143,"w":-0.9324144124984741},"size":197.8186798095703,"orthographic":false}