{"cameraMode":{"drawMode":0,"name":"Shaded","section":"Shading Mode"},"sceneLighting":true,"audioPlay":false,"sceneViewState":{"showFog":false,"showMaterialUpdate":false,"showSkybox":true,"showFlares":true,"showImageEffects":true,"showParticleSystems":true},"in2DMode":false,"pivot":{"x":-0.17155471444129945,"y":0.24367809295654298,"z":34.56179428100586},"rotation":{"x":-0.039891909807920459,"y":-0.0011496780207380653,"z":0.000026829762646229938,"w":-0.9992405772209168},"size":19.531129837036134,"orthographic":false}