{"cameraMode":{"drawMode":0,"name":"Shaded","section":"Shading Mode"},"sceneLighting":true,"audioPlay":false,"sceneViewState":{"showFog":false,"showMaterialUpdate":false,"showSkybox":true,"showFlares":true,"showImageEffects":true,"showParticleSystems":true},"in2DMode":false,"pivot":{"x":-11.443626403808594,"y":-33.92805862426758,"z":184.02023315429688},"rotation":{"x":-0.09967730194330216,"y":0.03466910868883133,"z":-0.0034878533333539964,"w":-0.994444727897644},"size":101.90419006347656,"orthographic":false}