{"cameraMode":{"drawMode":0,"name":"Shaded","section":"Shading Mode"},"sceneLighting":false,"audioPlay":false,"sceneViewState":{"showFog":true,"showMaterialUpdate":false,"showSkybox":false,"showFlares":true,"showImageEffects":true,"showParticleSystems":true},"in2DMode":false,"pivot":{"x":0.1386227309703827,"y":-0.009168768301606179,"z":0.008250104263424874},"rotation":{"x":-0.011787815019488335,"y":0.7241883873939514,"z":0.012389179319143296,"w":0.6894038915634155},"size":0.24352937936782838,"orthographic":false}