{"cameraMode":{"drawMode":0,"name":"Shaded","section":"Shading Mode"},"sceneLighting":true,"audioPlay":false,"sceneViewState":{"showFog":false,"showMaterialUpdate":false,"showSkybox":true,"showFlares":true,"showImageEffects":true,"showParticleSystems":true},"in2DMode":false,"pivot":{"x":-3.638033628463745,"y":1.3269293308258057,"z":11.7113676071167},"rotation":{"x":0.07847831398248673,"y":-0.09266090393066406,"z":0.007364389952272177,"w":0.9926214218139648},"size":11.406753540039063,"orthographic":false}