{"cameraMode":{"drawMode":0,"name":"Shaded","section":"Shading Mode"},"sceneLighting":true,"audioPlay":false,"sceneViewState":{"showFog":false,"showMaterialUpdate":false,"showSkybox":true,"showFlares":true,"showImageEffects":true,"showParticleSystems":true},"in2DMode":false,"pivot":{"x":-1.531272292137146,"y":-1.1596014499664307,"z":14.148048400878907},"rotation":{"x":0.11449427902698517,"y":-0.052211932837963107,"z":0.006059633102267981,"w":0.9920852780342102},"size":8.396661758422852,"orthographic":false}