{"cameraMode":{"drawMode":0,"name":"Shaded","section":"Shading Mode"},"sceneLighting":true,"audioPlay":false,"sceneViewState":{"showFog":false,"showMaterialUpdate":false,"showSkybox":true,"showFlares":true,"showImageEffects":true,"showParticleSystems":true},"in2DMode":false,"pivot":{"x":-3.8464205265045168,"y":0.0,"z":-2.929874897003174},"rotation":{"x":-0.1314006894826889,"y":0.08820156753063202,"z":-0.011738395318388939,"w":-0.9873279333114624},"size":3.440196990966797,"orthographic":false}