{"cameraMode":{"drawMode":0,"name":"Shaded","section":"Shading Mode"},"sceneLighting":true,"audioPlay":false,"sceneViewState":{"showFog":false,"showMaterialUpdate":false,"showSkybox":true,"showFlares":true,"showImageEffects":true,"showParticleSystems":true},"in2DMode":false,"pivot":{"x":0.14903640747070313,"y":-13.245201110839844,"z":49.106536865234378},"rotation":{"x":0.30914780497550967,"y":-0.025136854499578477,"z":0.008207129314541817,"w":0.9506796002388},"size":43.49934768676758,"orthographic":false}