{"cameraMode":{"drawMode":0,"name":"Shaded","section":"Shading Mode"},"sceneLighting":true,"audioPlay":false,"sceneViewState":{"showFog":false,"showMaterialUpdate":false,"showSkybox":true,"showFlares":true,"showImageEffects":true,"showParticleSystems":true},"in2DMode":false,"pivot":{"x":-0.0816674530506134,"y":1.4591023921966553,"z":0.12349236011505127},"rotation":{"x":-0.10698162019252777,"y":-0.06340086460113526,"z":0.006850354373455048,"w":-0.992271363735199},"size":0.4670604467391968,"orthographic":false}