{"cameraMode":{"drawMode":0,"name":"Shaded","section":"Shading Mode"},"sceneLighting":false,"audioPlay":false,"sceneViewState":{"showFog":true,"showMaterialUpdate":false,"showSkybox":false,"showFlares":true,"showImageEffects":true,"showParticleSystems":true},"in2DMode":false,"pivot":{"x":0.0,"y":1.2000000476837159,"z":-0.4999999701976776},"rotation":{"x":-0.1515892893075943,"y":-0.1470974087715149,"z":0.022804729640483857,"w":-0.9771872758865356},"size":1.1863809823989869,"orthographic":false}